User_id,User_fname,User_lname,User_mobno,User_email,User_pwd
1,Dino,Regenhardt,7322487174,dregenhardt0@woothemes.com,cuUCab96Nx4s
2,Ellene,Chaffyn,5167598731,echaffyn1@washingtonpost.com,BwnPCeg4WzG3
3,Cynthia,Boss,8302269779,cboss2@paypal.com,ogGhm0o
4,Andy,Van Niekerk,6899928682,avanniekerk3@nsw.gov.au,euDBvsnsG
5,Wynne,Sigars,2051204573,wsigars4@csmonitor.com,XlU5s2kQsrX
6,Burk,Solomon,2619444593,bsolomon5@eventbrite.com,Vl5bfcRdDzl
7,Jyoti,Dovidaitis,6735823898,jdovidaitis6@microsoft.com,9JQl4XJv
8,Steve,Pedrocco,8995156592,spedrocco7@chronoengine.com,HJyzvhSdr6
9,Myrle,Woolmington,9264288347,mwoolmington8@gov.uk,oSeR3H
10,Bing,Cartwight,1565831375,bcartwight9@pagesperso-orange.fr,j3QqU46
11,Griselda,Chaudhry,3542958822,gchaudhrya@tinypic.com,TcqPO1Q
12,Cleopatra,Ludvigsen,6485434820,cludvigsenb@godaddy.com,ftqFwFS4U2r
13,Pieter,Boulding,9871649094,pbouldingc@ft.com,GpNlF1HDAbtr
14,Philip,Mitchenson,7068965413,pmitchensond@goodreads.com,0tWuGuU1yc
15,Lindy,Artinstall,1735937105,lartinstalle@i2i.jp,Bp04iN
16,Coralyn,Louthe,5875613560,clouthef@marriott.com,VvbcAPRHD53
17,Hew,Kilner,9871309799,hkilnerg@discuz.net,wsMpSL5i4JqL
18,Sindee,Eric,9465289197,serich@hhs.gov,buj55s
19,Ali,Jumel,3582686530,ajumeli@netscape.com,CGpnxv5aL5JA
20,Linette,Filan,9097463742,lfilanj@skyrock.com,74Xk0u
21,Lynnett,Schimke,7653095440,lschimkek@illinois.edu,nTNvakV8mBLA
22,Valerie,Scalera,6807440150,vscaleral@elpais.com,66AtWv
23,Dotty,Hallagan,6828867262,dhallaganm@dion.ne.jp,ziztnB66
24,Christel,Danilewicz,4058394903,cdanilewiczn@godaddy.com,sJKLdD
25,Renee,Wincom,2679958356,rwincomo@parallels.com,f71jstCDgB
26,Shalne,Neve,3283760449,snevep@mapy.cz,k99oS9RyPLR
27,Wilfred,Luckhurst,9037339668,wluckhurstq@live.com,ljtnX2kBuUfz
28,Agnese,Bernholt,5146475672,abernholtr@xing.com,a6xpL1
29,Fernandina,Dumberrill,5171352626,fdumberrills@thetimes.co.uk,hagcau
30,Megan,McCracken,2182028894,mmccrackent@google.fr,m3joCre
31,Ryon,Karpushkin,7322495073,rkarpushkinu@csmonitor.com,kmbTzxY
32,Blythe,Bambrough,6915703390,bbambroughv@gov.uk,WveB7rarUb
33,Em,Ledbetter,8817856311,eledbetterw@howstuffworks.com,e5SxoF
34,Colas,Twigley,4047478308,ctwigleyx@harvard.edu,extQ3WblNLXw
35,Aubry,Yeandel,4341606365,ayeandely@typepad.com,znFiofJ1x
36,Sterling,Pretious,2012384081,spretiousz@auda.org.au,tPVbpVi
37,Wilbert,Mouton,6796004833,wmouton10@phoca.cz,PIS7dtqj
38,Audy,Woodyer,9877986821,awoodyer11@hostgator.com,xFcYM3pj
39,Cathee,Staley,3277255624,cstaley12@wikispaces.com,Lp5RlV81p
40,Pippo,Niccolls,6404227744,pniccolls13@pen.io,UmA87Aop8oIr
41,Anitra,Keilloh,9417112433,akeilloh14@discuz.net,caQ88HC15z88
42,Duncan,De Pero,2121175382,ddepero15@telegraph.co.uk,zh8UycwtqTw
43,Iago,Kynan,1394742587,ikynan16@guardian.co.uk,JpjfAu3
44,Gabby,Minards,4611156022,gminards17@ucoz.ru,if6kLb
45,Janeta,Findley,1597018437,jfindley18@miitbeian.gov.cn,VEJXYJKP
46,Orella,Gladyer,2743807378,ogladyer19@state.tx.us,e3J1BiW
47,Denys,Zannuto,3968566766,dzannuto1a@icq.com,mJZ9K54txrRF
48,Broderick,Shawel,8935900351,bshawel1b@msn.com,YAKMJo5q
49,Hazlett,Goggins,2675681728,hgoggins1c@cam.ac.uk,pMzAL6ruV1
50,Douglass,Botcherby,1302323428,dbotcherby1d@seattletimes.com,rGDBRbJ
51,Kiley,Farfoot,6921646177,kfarfoot1e@ovh.net,kK9b2u
52,Pall,Peek,6403917601,ppeek1f@mayoclinic.com,zdNjJjQJH
53,Lona,McKennan,4248899272,lmckennan1g@zdnet.com,xQ31MbizVT50
54,Francklin,Bellis,9308607690,fbellis1h@deviantart.com,xErpTP
55,Guglielmo,Zammett,4351802841,gzammett1i@ibm.com,v66SYKEfv
56,Carlin,Tuddall,2257566685,ctuddall1j@reuters.com,FMu7ANiD
57,Barnebas,Ellse,5896669072,bellse1k@examiner.com,QqOScrLjh
58,Mirelle,Lambarth,5571358018,mlambarth1l@newyorker.com,rTegRZ
59,Eolanda,Hearl,7133424768,ehearl1m@yandex.ru,ijR4D0f1oQQ
60,Sasha,Bradwell,3983822732,sbradwell1n@plala.or.jp,jHoYaN
61,Larissa,Falloon,5453137551,lfalloon1o@cbslocal.com,y2o6mW
62,Carey,McFade,7785488124,cmcfade1p@sphinn.com,C0nHHpY1XZQ
63,Abbe,Kippax,2793778408,akippax1q@patch.com,r0cFuS5EqHyr
64,Crystal,Dmiterko,5651968699,cdmiterko1r@cafepress.com,gupuYvCJONCg
65,Jacquelyn,Trasler,1419366740,jtrasler1s@noaa.gov,yDEl7x3ZCO
66,Mozes,Janaway,3696352136,mjanaway1t@printfriendly.com,shoF0wfZ8
67,Salem,Goodfield,8874700168,sgoodfield1u@japanpost.jp,3o5LE6
68,Kati,Joskowicz,5604352962,kjoskowicz1v@freewebs.com,oJqIrlXB2
69,Gan,Donnellan,7189030235,gdonnellan1w@taobao.com,qvMswm4
70,Correy,Koenen,3738717514,ckoenen1x@webnode.com,0dAmzav8
71,Rebecka,Nelhams,5623529484,rnelhams1y@yellowpages.com,5nXsjPkmZac
72,Thayne,Voaden,3076482193,tvoaden1z@opera.com,HkRMhjZ2P
73,Leeland,Quakley,4662073985,lquakley20@wufoo.com,cO3cFqZ0HSq
74,Launce,Timmermann,8403398078,ltimmermann21@alexa.com,m7bS25vNmEyz
75,Laraine,Piccop,4424583521,lpiccop22@domainmarket.com,THTbRVf9gCe
76,Rivi,Vannini,1259109954,rvannini23@ameblo.jp,TtZq5n1S
77,Penny,Giacobilio,5916194118,pgiacobilio24@free.fr,wC1sWn
78,Ainsley,Ruddle,1059463467,aruddle25@dell.com,mz6ZkCVSf0
79,Winifred,Le feaver,7829783256,wlefeaver26@google.cn,8WYL74vZHGG
80,Honor,Whorlow,5363722822,hwhorlow27@spotify.com,a9Ymt4E82Ca0
81,Guendolen,Otton,2095590920,gotton28@cbslocal.com,xehafKA4
82,Abba,Antonikov,9434666756,aantonikov29@hao123.com,mAqivlQ
83,Belia,Iverson,3965555830,biverson2a@51.la,dj8HOJ6UM
84,Page,Rosenberg,4233381991,prosenberg2b@phoca.cz,IgUiScKK
85,Ermengarde,Gierck,2437943082,egierck2c@zdnet.com,FyF9kAxxSxn
86,Giustina,Witz,8231989336,gwitz2d@home.pl,as3af5
87,Jessalyn,Fotherby,4497926519,jfotherby2e@un.org,yxTOFUd3SMW
88,Cullen,Gotts,3852392912,cgotts2f@drupal.org,vsEqIDTjcYRq
89,Kerrie,Tippin,6442080351,ktippin2g@gravatar.com,FF8KdPL4nfQ
90,Augustin,Branchett,7953267800,abranchett2h@woothemes.com,ekhEMCU
91,Valerie,Lindhe,2108693663,vlindhe2i@booking.com,HLLCYKTC
92,Kiley,Dwerryhouse,5621758188,kdwerryhouse2j@wufoo.com,iEEsGfJk9
93,Jonis,Van Geffen,2433426907,jvangeffen2k@live.com,AkVHNTL199
94,Dorian,Pillans,2737402917,dpillans2l@ftc.gov,xAIqyfcmZ
95,Kris,Geane,3489211473,kgeane2m@nih.gov,VU3qJREWo
96,Gizela,O'Farris,1345096810,gofarris2n@bravesites.com,oIAHiBxgz
97,Fallon,Yellowlees,3773278729,fyellowlees2o@dailymotion.com,cdAGyp
98,Gwyn,Sinnock,8572047348,gsinnock2p@dyndns.org,YQX2Gd6Md
99,Gabbie,Moncey,5358540137,gmoncey2q@ning.com,ulofhbzcy
100,Shelby,Creffeild,4151229929,screffeild2r@php.net,kCEh0RmN1
101,Winnie,Sauven,7792664834,wsauven2s@bloglovin.com,zVQD5v2sXmyQ
102,Lonna,Laval,9463106787,llaval2t@networkadvertising.org,f9hEq0osS7KW
103,Ninon,Hatley,3968569382,nhatley2u@hc360.com,DtIVn5mI12
104,Esra,Deal,5645935912,edeal2v@example.com,92oVl852lWc
105,Marguerite,Piatto,2259676812,mpiatto2w@house.gov,lSJZZE
106,Danita,Burke,9954929492,dburke2x@amazon.de,r7AOIf8j
107,Alyce,Sholl,1111296926,asholl2y@behance.net,eQaK4liNHZs
108,Zebedee,Kment,7821035417,zkment2z@marriott.com,4Bwjvw
109,Dara,MacNelly,5359463567,dmacnelly30@mediafire.com,GtrEBUU
110,Liuka,Wadeling,8207848341,lwadeling31@vistaprint.com,dEmctI
111,Sibel,Bricksey,4087220741,sbricksey32@sun.com,rkVIUAshA
112,Winny,Buckney,6385494116,wbuckney33@virginia.edu,gWRFlaMKW98w
113,Stu,Brunelleschi,5242733831,sbrunelleschi34@desdev.cn,01NimDMaA1qa
114,Anatollo,Getch,2793777319,agetch35@gnu.org,Scdk3PqUz
115,Magda,Shale,7985276975,mshale36@ustream.tv,HC4EGbQU
116,Jasper,Sattin,3049317066,jsattin37@washington.edu,8QCPpgQn2gQ
117,Randy,Haestier,7663012266,rhaestier38@weibo.com,cEVWem8Ob
118,Cordell,Ivashkov,6757494909,civashkov39@dyndns.org,agfY2SMMFO6
119,Alain,Renzo,8807302486,arenzo3a@webeden.co.uk,gpw5IBy0
120,Rosalinda,Mattiazzi,4142666018,rmattiazzi3b@over-blog.com,LO1ZfcoXgW
121,Gilli,Gother,9281797587,ggother3c@gmpg.org,HiOcEaxr42
122,Tasia,Neville,9987581169,tneville3d@noaa.gov,GrpZCdUvpu
123,Eleni,Crowth,9834031598,ecrowth3e@imageshack.us,QD5lM5
124,Dani,Gullen,5273190039,dgullen3f@wisc.edu,tiSmIDIfYxr
125,Dionysus,Monni,2915961064,dmonni3g@ehow.com,DjWv5vs1AeN
126,Ringo,Ronald,8688797368,rronald3h@loc.gov,kezWBuVIJmTN
127,Gordy,Yeell,2302742051,gyeell3i@shinystat.com,zjxAnwxkW
128,Jewell,Greaterex,5652909043,jgreaterex3j@prweb.com,RSLYzafzhd
129,Florette,Sheppard,6443915527,fsheppard3k@hibu.com,cCVUU5ZzO
130,Clemens,Woods,8087413945,cwoods3l@tumblr.com,mMK1Jq35Eb
131,Con,Haselhurst,6148097512,chaselhurst3m@desdev.cn,VkVdlnt
132,Brittaney,Sarton,9949799750,bsarton3n@mysql.com,jKUaJN0UN0B
133,Waylan,McKintosh,4157686446,wmckintosh3o@sciencedaily.com,NqJogSfq
134,Ramsay,Aylott,1888663389,raylott3p@free.fr,qdDWxAk79
135,Tabby,Give,9254615760,tgive3q@icio.us,L2TccnWolZ
136,Viola,Bachelor,2772051435,vbachelor3r@apache.org,mCaKcgzh4e
137,Gustavo,Ivey,1643340326,givey3s@hatena.ne.jp,rjFfPw
138,Judith,McKeachie,9271404032,jmckeachie3t@amazon.de,7wu6GD1
139,Gilli,Worthing,2948428901,gworthing3u@surveymonkey.com,YOJyKN5VPx8a
140,Herb,Edmett,5139988389,hedmett3v@google.ru,Sq1QP6t
141,Ervin,Grenter,3493783055,egrenter3w@fda.gov,jDNOtrKO
142,Rockey,McCobb,6263636718,rmccobb3x@gov.uk,yjZhHV2wa2Rb
143,Elita,Frape,1523450985,efrape3y@newyorker.com,lNCQn8WX1
144,Carlita,Grossman,6392002652,cgrossman3z@simplemachines.org,lhBppm
145,Alyce,Worvell,9753602963,aworvell40@ucoz.ru,dYQMu9ZZ
146,Tyrone,Hugnin,7467926700,thugnin41@sun.com,3EU2rvl
147,Madonna,Jacquest,9501257645,mjacquest42@blinklist.com,i09l72Fy
148,Raquela,Dust,5942326661,rdust43@example.com,17gYYJEkk4An
149,Onofredo,Krzyzowski,8105476683,okrzyzowski44@jigsy.com,7eEpWldTi
150,Deane,Gosswell,9372279906,dgosswell45@prlog.org,ZMvPmyu
151,Wilma,Boddie,2016444695,wboddie46@smh.com.au,IzXDOe8u
152,Terrijo,Probetts,5059613990,tprobetts47@xrea.com,TGomXAj
153,Biddie,Nabarro,8667400157,bnabarro48@wired.com,GKzYAE
154,Talbot,Readwin,9265402799,treadwin49@google.de,LBD4L7
155,Demetri,Kier,5336681226,dkier4a@disqus.com,j9VWp7KQqlZl
156,Concordia,Fowkes,2751080582,cfowkes4b@skyrock.com,r8ERzJkugRH
157,Jacques,Stogill,9233177708,jstogill4c@yellowpages.com,jBPMF7kW95T
158,Teddy,Spender,3255279640,tspender4d@squarespace.com,eeTGuyPi3tl
159,Zabrina,Elks,3254787907,zelks4e@last.fm,LXRy3R9foj
160,Joseph,Lansbury,3297589699,jlansbury4f@pbs.org,Mq1fdyP00T8
161,Ricardo,Hearns,3513875828,rhearns4g@tmall.com,tSQICuJ2
162,Brunhilda,Simonazzi,8528298418,bsimonazzi4h@uiuc.edu,2VcUHyb5lh
163,Jonas,Mattis,4074141513,jmattis4i@i2i.jp,t4i6jEPM2
164,Jocelin,O' Byrne,3391464929,jobyrne4j@stanford.edu,B77RAcscpGe
165,Morty,Remmer,2551498486,mremmer4k@unicef.org,gsS1rFEoUDA
166,Maureen,Klimp,4075612817,mklimp4l@twitter.com,tMzBV3Zv2R
167,Trina,Spatarul,6997707641,tspatarul4m@yahoo.co.jp,xbc3wv26lU3q
168,Royall,Sheards,6058708339,rsheards4n@thetimes.co.uk,USkhEJdyjt
169,Tuesday,Grahame,4943953101,tgrahame4o@cbc.ca,9y3rDtK6ld
170,Dan,Kristufek,6497789221,dkristufek4p@berkeley.edu,TcGcvDPxKIYe
171,Leora,Skelcher,8142534003,lskelcher4q@census.gov,BcxUOBz95
172,Ray,Ryley,1929190814,rryley4r@opera.com,TZNdhI
173,Wrennie,Beentjes,7298016290,wbeentjes4s@sciencedirect.com,owhPDSVzTUEE
174,Theo,Ruvel,9071744363,truvel4t@360.cn,TOgnnSMtSr
175,Ritchie,Moyles,6688240595,rmoyles4u@gov.uk,PSy7ENL38sEl
176,Terry,Dunderdale,7753960942,tdunderdale4v@phpbb.com,cAdHt68Nk
177,Fara,O'Sullivan,6368233402,fosullivan4w@ning.com,XkMfavFTFl
178,Maryjo,Woodburne,3417706350,mwoodburne4x@slideshare.net,SghhrJmRv
179,Sigismond,Runnicles,8972839214,srunnicles4y@gravatar.com,Tv8nCkqz
180,Renell,Colls,2197457165,rcolls4z@fastcompany.com,KzvrwPloFLO
181,Germana,Waylett,3621661747,gwaylett50@cyberchimps.com,9JAAdyD
182,Rhona,Scanlin,4607628592,rscanlin51@friendfeed.com,D3dSzrswm
183,Benetta,Douty,4368410929,bdouty52@cloudflare.com,1Mqwx9rNd06h
184,Austina,Jefferd,2345545443,ajefferd53@plala.or.jp,KkF72FjlaeUI
185,Eda,Chattoe,4128322694,echattoe54@ed.gov,pVrx5n5ly
186,Willow,Crates,2155744463,wcrates55@tiny.cc,G39wkRtPhV
187,Analise,Mottershead,8643277115,amottershead56@symantec.com,E0DUKI
188,Sarge,O'Beirne,8199248363,sobeirne57@joomla.org,fXV5OdHT7O7J
189,Ilysa,Mc Menamin,6734433314,imcmenamin58@cdc.gov,66ewzfiS
190,Park,Dwane,3739161530,pdwane59@va.gov,pRGE1GBqPAjr
191,Carmine,Goodby,4397562800,cgoodby5a@wikia.com,cJjfcia
192,Patrizia,Ohlsen,1943254267,pohlsen5b@nifty.com,POuC6oAlDCdw
193,June,Bullick,4542335775,jbullick5c@google.es,BVowFlqg0O58
194,Carley,Hassey,8939299578,chassey5d@japanpost.jp,RHrxwHLDIAj
195,Bink,McVey,6471259240,bmcvey5e@xinhuanet.com,Yjckkq3lJ
196,Brandise,Crate,2194846157,bcrate5f@cbslocal.com,w3ZQFUy
197,Benedikt,Padbury,8403435138,bpadbury5g@go.com,AtCjD7XqDNFA
198,Val,Beany,6459027008,vbeany5h@printfriendly.com,QB6GElDFLCr
199,Kirk,Chellam,6036741321,kchellam5i@devhub.com,IB4l38T
200,Hermione,Andrejs,3597981480,handrejs5j@cam.ac.uk,JEANg5KSse4s
201,Fenelia,Vankeev,2542791104,fvankeev5k@imdb.com,tnHI1PHvn
202,Sissie,Rihanek,7014114351,srihanek5l@qq.com,quPTjkzxuX
203,Milissent,Melbury,9993070020,mmelbury5m@java.com,Vt94Piv
204,Otha,Dosedale,9951994858,odosedale5n@unblog.fr,KRzExWNyV
205,Caz,Snoden,1363688610,csnoden5o@bing.com,eXi6trcLY
206,Sybilla,Greendale,6715374494,sgreendale5p@ed.gov,4xKwxXR
207,Raymund,Lucey,6181778187,rlucey5q@ted.com,ulgtvYS4K7F
208,Rhianna,La Grange,9457647996,rlagrange5r@upenn.edu,uQV3XIN851Y
209,Jessalyn,Puttock,2971833407,jputtock5s@discuz.net,t0zF57
210,Josh,Whitmore,4999711446,jwhitmore5t@army.mil,xd5hg7suQtgb
211,Cosetta,Haugh,5526153143,chaugh5u@noaa.gov,HUgy39JMJ9A
212,Mark,Olligan,4631641178,molligan5v@dailymotion.com,5FxN3e
213,Pippy,Leechman,5839857166,pleechman5w@amazon.co.jp,QpmsS0
214,Dodi,Bravey,3406408120,dbravey5x@google.cn,NjERIZT
215,Barbabra,Dampney,7499482528,bdampney5y@reference.com,JaTSGv
216,Onofredo,Skipworth,8152598749,oskipworth5z@shop-pro.jp,4tbWzUtGBhS
217,Sibel,Limbrick,1979859831,slimbrick60@t.co,1XYVPWnZYoM
218,Edan,Calendar,1331990776,ecalendar61@behance.net,iRZtifjMk
219,Sloan,Nockles,2896663399,snockles62@feedburner.com,FtiXU86draaP
220,Jany,Cottell,1215002845,jcottell63@constantcontact.com,LU15VJAUpKK
221,Law,Cherry Holme,8859493400,lcherryholme64@phpbb.com,D0VBNxY
222,Glory,Lewerenz,6593184397,glewerenz65@blogger.com,2TjxHg
223,Roby,Hebden,1369533160,rhebden66@hp.com,rF118h
224,Sherie,Airdrie,7949883541,sairdrie67@google.nl,sO7TN3M4T
225,Montgomery,Artharg,1001157219,martharg68@goo.gl,JkHAoBHVOZr
226,Wandis,Fiddian,2538219024,wfiddian69@mtv.com,0hbFRe
227,Gaylor,Lauthian,8358266469,glauthian6a@nymag.com,ZMDmUa7rpCzS
228,Vernice,Edgley,7012015600,vedgley6b@latimes.com,YGn5htXKdrH4
229,Nadeen,Skellorne,2515506068,nskellorne6c@noaa.gov,y8iM8yB
230,Genovera,Itzhayek,7049016198,gitzhayek6d@purevolume.com,ZhvBdwT
231,Gardener,Hubach,7303414624,ghubach6e@github.io,C5bdZk3X
232,Dani,Moggach,5652608897,dmoggach6f@cbc.ca,pPXlpozXw
233,Greg,Twitty,8755142393,gtwitty6g@themeforest.net,VSo3hnrli9aH
234,Hoebart,Borris,6274683656,hborris6h@liveinternet.ru,MD61sYmnff
235,Berti,Nolda,2106357396,bnolda6i@eventbrite.com,MVvK3fqXJvFX
236,Wilfred,Betz,3393832274,wbetz6j@about.me,41MvEvx
237,Maryrose,Bennoe,3452126027,mbennoe6k@nyu.edu,w7ICdud
238,Glynnis,Malzard,5701200513,gmalzard6l@elegantthemes.com,drt0nNKuM
239,Fransisco,Ebenezer,6732260904,febenezer6m@trellian.com,D2rB921
240,Bendix,Arnet,1935024903,barnet6n@constantcontact.com,SVtnkjlOdkJl
241,Yurik,Uden,5739462840,yuden6o@etsy.com,8qCIu0k
242,Nissie,Orsay,2172056183,norsay6p@narod.ru,nveujS1tVXn
243,Alverta,Fookes,7702820259,afookes6q@bloglines.com,52ijD88
244,Barr,McCathy,7805123935,bmccathy6r@bandcamp.com,oNlNJm
245,Shayne,Cashman,9691208944,scashman6s@imdb.com,cdaQEUXMobH
246,Rhoda,Sedwick,5535938793,rsedwick6t@arizona.edu,1TZf7QizIqk
247,Romona,Kernan,7351571422,rkernan6u@github.io,ixYH2MYgQgk7
248,Alvis,Moland,6957104301,amoland6v@dmoz.org,duR7JqX3ek
249,Bobina,Ryce,3465758676,bryce6w@goo.gl,2QtwEQmvQ
250,Corbie,Penniell,7864626725,cpenniell6x@freewebs.com,TfMnnQTcNJD
251,Christiane,Aleshkov,9754522114,caleshkov6y@house.gov,bte9f6u94
252,Georgiana,Enns,9494604576,genns6z@opensource.org,AYcbyEzbaDy
253,Fitzgerald,Nairy,2994034810,fnairy70@java.com,WBlJWj
254,Wilhelmine,Matushevich,7008020983,wmatushevich71@howstuffworks.com,lfTffann
255,Clarinda,Lightfoot,8274690192,clightfoot72@hud.gov,W62VeY3r1
256,Betteanne,Custance,5398382285,bcustance73@mail.ru,qMPjt0QCXG8
257,Dov,Machen,4557271517,dmachen74@cornell.edu,Gg6be7VuHR
258,Diane-marie,Shercliff,2957493579,dshercliff75@vinaora.com,uq1jXq
259,Johnny,Angrock,8337672969,jangrock76@paginegialle.it,qNWxNr
260,Sibilla,Keith,9535273404,skeith77@meetup.com,mgj2Ydu
261,Viviene,De Gowe,4136597857,vdegowe78@gizmodo.com,D25tpxbVMF
262,Shawna,Austin,3162516416,saustin79@mail.ru,ZOvcIpTuY
263,Leonardo,Abram,4346299064,labram7a@cornell.edu,SmZw6qPU2a
264,Bridgette,Savil,4971498343,bsavil7b@desdev.cn,r96bX2
265,Petronia,Ollerenshaw,7108787762,pollerenshaw7c@linkedin.com,3CDXrEh5j
266,Sibley,Ccomini,1159925674,sccomini7d@hud.gov,Nh5fiel4cW
267,Nan,Leivers,9775587206,nleivers7e@spiegel.de,KD7AXq8
268,Alethea,Izat,1432392872,aizat7f@yolasite.com,zUOTCCmGd
269,Maudie,Hrynczyk,9766347696,mhrynczyk7g@php.net,YKnzGi
270,Dun,Esselen,8633668621,desselen7h@cyberchimps.com,Nb7wGpuHlh
271,Stanislaw,Frushard,4002264559,sfrushard7i@goo.ne.jp,rszm4ihemf
272,Carmine,Geeritz,7359900220,cgeeritz7j@csmonitor.com,JJHoQa9OAH
273,Leontine,Crusham,2957083956,lcrusham7k@ucsd.edu,oHLfqpCfdN2q
274,Hubey,Godar,4491415152,hgodar7l@trellian.com,qNFkuYcQ
275,Doll,O' Ronan,3599785102,doronan7m@topsy.com,VZUlp4lBkT
276,Hillie,Switland,5939585633,hswitland7n@oaic.gov.au,raFkrUIZ
277,Katherine,Ucceli,4847920925,kucceli7o@over-blog.com,YHIKpjJV6
278,Elle,Doxsey,7198698380,edoxsey7p@livejournal.com,yajCnqF8
279,Dorie,Durrett,1472359802,ddurrett7q@free.fr,rUulSxXSvs46
280,Beck,Gregoratti,5802087127,bgregoratti7r@sciencedirect.com,FXaa3tW
281,Rod,Baythorp,7173082244,rbaythorp7s@google.ca,EdJb5bA
282,Scarlett,Cornelleau,7203588878,scornelleau7t@cdbaby.com,eEUGDmz2x
283,Wallis,Eade,1967245884,weade7u@imdb.com,8ygWjxQPn
284,Talbot,Truckett,8088711918,ttruckett7v@vk.com,SgweT9u7mBmd
285,Sapphira,Acland,2414593045,sacland7w@va.gov,HMhsIKBv3uAD
286,Sauveur,Heningam,9179940221,sheningam7x@about.com,HLFhvum1l9
287,Phillie,Ruppertz,6579343978,pruppertz7y@webeden.co.uk,s0bm1I
288,Xylia,Couvert,5435744352,xcouvert7z@mediafire.com,zDYfjomxxaJ
289,Ogdan,Stanyer,7884627243,ostanyer80@utexas.edu,NzmgIOH
290,Ram,Bissatt,1077187999,rbissatt81@ocn.ne.jp,hDYakkGR
291,Hamilton,Emberton,9697896892,hemberton82@behance.net,YyGCzLyABD
292,Cherrita,Gobert,4052293997,cgobert83@bandcamp.com,L2NV9WpDv
293,Brittani,Lamy,3433230324,blamy84@ifeng.com,BVU0rsCMXfA
294,Ines,Sinderland,5907013436,isinderland85@globo.com,kahshgJt
295,Lindy,Robak,8254047382,lrobak86@bandcamp.com,nGD4wb4ijb6
296,Sigrid,Skeemor,8626317344,sskeemor87@ftc.gov,PYURI9vCe
297,Marcy,Killock,8766626978,mkillock88@samsung.com,rZbHnP
298,Kay,Sebley,1945346260,ksebley89@unc.edu,52PZTNVbFAM
299,Garnette,Humphrys,2449967833,ghumphrys8a@stumbleupon.com,aJ34ZdU
300,Jeffry,Delamar,7342619648,jdelamar8b@domainmarket.com,engVR1c48F1
301,Teddi,Clingoe,8729657989,tclingoe8c@usda.gov,hzfUWXd
302,Stephi,Roubottom,2006713704,sroubottom8d@marriott.com,eenPLboDBYNG
303,Gael,Shackleton,4821279392,gshackleton8e@ovh.net,zvD5uqjDlKL
304,Brittany,Roskelley,4915092248,broskelley8f@mashable.com,xDkI31
305,Valentina,Ramsell,6083114215,vramsell8g@icq.com,zE94jxI
306,Kaylee,Coupland,6559148338,kcoupland8h@alexa.com,bQTT5J4FO
307,Keith,Bescoby,1772475745,kbescoby8i@networksolutions.com,iqu3Ack6n1W
308,Kordula,Lowbridge,6861999972,klowbridge8j@sourceforge.net,11nwbHyHscg
309,Casey,Pountney,7074209238,cpountney8k@theguardian.com,ETSZNB1RxVBQ
310,Marlin,Aliberti,5752849386,maliberti8l@theatlantic.com,XjO1DG7BD4
311,Lilla,Hugli,3146367328,lhugli8m@list-manage.com,aE63Rsnnd8S
312,Fons,Tchaikovsky,7948999823,ftchaikovsky8n@wix.com,EFENVi48EHYe
313,Bessy,Duckers,1506209904,bduckers8o@shutterfly.com,47IS6b
314,Anett,Orwin,4724469603,aorwin8p@ning.com,a0cw8CImiV
315,Dewie,Elwill,6374174646,delwill8q@economist.com,754EJoSz
316,Barr,Rudkin,3613685221,brudkin8r@cnn.com,2TZBlATo5
317,Mavis,Riddles,6479266282,mriddles8s@uol.com.br,UvQlVX5TSDlK
318,Bartie,Greader,4488635491,bgreader8t@marketwatch.com,z6n1je
319,Magda,Renshaw,9061318846,mrenshaw8u@usgs.gov,4wbvoDEPyys7
320,Jillene,Bamling,7946560938,jbamling8v@myspace.com,MdU3cuOsEbjx
321,Mab,Wane,4484106894,mwane8w@booking.com,aTV52UAXff
322,Josey,Kemetz,5553610623,jkemetz8x@canalblog.com,C9xHWkpAYFDV
323,Angele,O' Hern,6948688818,aohern8y@noaa.gov,pFgemu
324,Neall,Borer,5236350096,nborer8z@constantcontact.com,Ccjknm
325,Delinda,Bradlaugh,4411511980,dbradlaugh90@indiatimes.com,AkZvSxG
326,Denise,Keming,9236748709,dkeming91@icq.com,qgNVtxOBZx3i
327,Stacy,Izatson,7512881321,sizatson92@slideshare.net,DT24TwTQM8b
328,Godart,Eyeington,3712705479,geyeington93@wikipedia.org,cDt6nkjL5
329,Shelia,Ivanaev,2175551678,sivanaev94@hao123.com,LBNpWo
330,Judye,Vanichev,6931624581,jvanichev95@skype.com,7AqSfXGbZd
331,Renaud,Godard,3532865175,rgodard96@sourceforge.net,vMLUaSuu
332,Geralda,Mountney,6144500918,gmountney97@cmu.edu,3JCj9nKdyI
333,Yves,Sazio,2783957971,ysazio98@mozilla.com,0Ed9e4m21
334,Tiphanie,Stampe,5013490159,tstampe99@sakura.ne.jp,Nl53zKZtfcQQ
335,Hewet,Dagless,5967794169,hdagless9a@hatena.ne.jp,Ru9zq2
336,Jodie,Maybury,8982822564,jmaybury9b@sohu.com,p67hBdZwgFz5
337,Maddie,Tieraney,4395698503,mtieraney9c@usgs.gov,o6MFae
338,Franky,Dossetter,5738608394,fdossetter9d@google.de,jwqDlDlV
339,Lyndy,Janda,2994744873,ljanda9e@devhub.com,Dxh0GBhO
340,Mischa,McCadden,6695825457,mmccadden9f@nps.gov,EOUmY1b
341,Mortie,Brennen,4319535144,mbrennen9g@foxnews.com,mLnKT3YL
342,Constantino,Kmicicki,1419205274,ckmicicki9h@posterous.com,Ear4sUhoXO
343,Gladys,Spafford,7797449063,gspafford9i@sakura.ne.jp,BZ1liCtNijtR
344,Lezlie,Moughton,6233500546,lmoughton9j@gnu.org,O9BNFj
345,Misti,Gaythor,4138056636,mgaythor9k@pinterest.com,eepZgEB3X8r
346,Isidoro,Kliemann,2477067548,ikliemann9l@google.com.br,dB8x4UpeZqm8
347,Lissa,Hambidge,3552740546,lhambidge9m@google.cn,WJC6wBy
348,Tally,Clace,6603649077,tclace9n@wsj.com,qW6GWaq2S1Z
349,Shurwood,Jeffs,7401217061,sjeffs9o@artisteer.com,Eas51FGjj
350,Susi,Carillo,6994703246,scarillo9p@mysql.com,F9Rdg3cQk
351,Piggy,Surcombe,3166300537,psurcombe9q@accuweather.com,UT7m1vz
352,Inga,Truse,5068375609,itruse9r@seattletimes.com,MhSbqTV
353,Gretta,Rosengart,9112285557,grosengart9s@goo.gl,HTu2iIbl2ph
354,Beryl,O'Sheils,6804584411,bosheils9t@xing.com,BvNRaZmERC
355,Harper,MacVagh,6955620711,hmacvagh9u@phoca.cz,xNBdzMRA4dk0
356,Gabriell,Aicheson,4608705645,gaicheson9v@dell.com,5se9D12
357,Daven,Hamelyn,1702148341,dhamelyn9w@w3.org,oDCutsl
358,Mariann,Klemps,1085628952,mklemps9x@digg.com,VRYvlQrI
359,Tedi,Mayo,4144483319,tmayo9y@sitemeter.com,Vy1OExJU2xQJ
360,Dulcea,Tinmouth,9674701651,dtinmouth9z@netvibes.com,DP94G4sh3
361,Filberto,Michieli,6228001651,fmichielia0@patch.com,plcHH1UJQ
362,Willabella,Polack,1987419704,wpolacka1@canalblog.com,68ecYmNlz
363,Ram,Jehan,1193146381,rjehana2@wiley.com,4rVM3fG
364,Nikolai,Brocking,3411082132,nbrockinga3@irs.gov,wokpEhwmf
365,Brandice,Kalinsky,5316221564,bkalinskya4@si.edu,fF5F5mc0
366,Charmane,Di Biasio,2545041528,cdibiasioa5@pbs.org,LnsB7WyxsBD
367,Zara,Pessler,3702122766,zpesslera6@spotify.com,D31XDI8mTjyC
368,Sanson,Herreran,7126598388,sherrerana7@reverbnation.com,8ERyACPJn
369,Moll,Keeton,4176180662,mkeetona8@nhs.uk,eScT4yWKNjF
370,Nickie,Petrolli,2502056735,npetrollia9@un.org,BxDqP7
371,Alma,Need,2955175269,aneedaa@netlog.com,wKrRam3jdB
372,Malynda,Postance,8525129530,mpostanceab@discuz.net,pwh4yKec
373,Lida,Grellier,2467038511,lgrellierac@is.gd,I23ZQoBf
374,Jonie,Housam,1714940342,jhousamad@mayoclinic.com,3fvFslkQ8
375,Sonya,Ambage,3038294128,sambageae@netlog.com,mLHy53ErUr
376,Angele,Penvarden,1865444835,apenvardenaf@xing.com,MlTzkrv
377,Enrichetta,Antonio,5811040482,eantonioag@zdnet.com,Ilp4rofjr
378,Brendan,Prisk,5193067491,bpriskah@salon.com,zVVvUMeABzV
379,Florette,McTrustram,6592217933,fmctrustramai@msn.com,sj2OMcOlab1
380,Agustin,Cattellion,5375270341,acattellionaj@phoca.cz,6abPSV0
381,Cole,Paxforde,9228352004,cpaxfordeak@aboutads.info,AVugZwbU1
382,Janine,Goford,7169194312,jgofordal@dyndns.org,7vurGqdM
383,Nicolina,Stihl,7863223954,nstihlam@purevolume.com,bsvlbOskgji
384,Luise,Bradbury,3995629170,lbradburyan@berkeley.edu,Mx6FsCsHc
385,Ham,Devin,3953225522,hdevinao@list-manage.com,2UnJ0WQIVcs
386,Alphonso,Negus,3861607598,anegusap@google.ca,JxkbxFwkZXb
387,Clive,Brunotti,7616172898,cbrunottiaq@nsw.gov.au,BBxPSy
388,Kit,Brummitt,4908412345,kbrummittar@theatlantic.com,5u7pqZ
389,Cristin,Stryde,4817958900,cstrydeas@infoseek.co.jp,bVseR7
390,Kerry,Korda,9597299118,kkordaat@cyberchimps.com,gK53r1
391,Veronica,Pays,5106053544,vpaysau@examiner.com,UYcUoF
392,Jaquelin,Ellen,9527139902,jellenav@mozilla.org,XQkoT1I
393,Stephanus,Blinco,7499806721,sblincoaw@friendfeed.com,tBlwjuxSdiB
394,Lowe,Adkin,4887890520,ladkinax@forbes.com,Xqvb6SKIH
395,Chantal,Segebrecht,1328684934,csegebrechtay@phpbb.com,8YRwKHm6k4
396,Car,Murch,4713694796,cmurchaz@ft.com,97uWM2K
397,Alyda,Corden,2528875813,acordenb0@alexa.com,RAf1xN
398,Cosetta,Schlagtmans,2826962547,cschlagtmansb1@hao123.com,eTw2TrCAiru4
399,Derril,Danelet,4186425828,ddaneletb2@xing.com,CDNzMWPXVN
400,Hall,Ramsier,8137965135,hramsierb3@clickbank.net,eu3QHWDOhCj
401,Felicdad,Liddington,8422874552,fliddingtonb4@blogtalkradio.com,TupuIb
402,Dulcea,Bertome,2965445518,dbertomeb5@wired.com,uWEM54t8kEOW
403,Ashlie,Hagergham,4841774038,ahagerghamb6@feedburner.com,N4UH1tqO
404,Christopher,Cockney,9186827511,ccockneyb7@diigo.com,rXrgqFaVSFXG
405,Kimbell,Rawlinson,2581457016,krawlinsonb8@scientificamerican.com,OXF3NSoRHsr
406,Buckie,Gildroy,7178630081,bgildroyb9@multiply.com,CwmWlNN
407,Eadie,Mellenby,5232215180,emellenbyba@jugem.jp,3kRlnfgL6
408,Lalo,Danielou,9181359448,ldanieloubb@marriott.com,9pb0dTpmm4AF
409,Cammy,Tuftin,2614114988,ctuftinbc@omniture.com,1xWvHIOoH
410,Rosco,Pole,4734702082,rpolebd@imgur.com,xBVasrRaOp
411,Nanice,Ollerearnshaw,4591447496,nollerearnshawbe@feedburner.com,CmInQv
412,Dagmar,Schwartz,8787070708,dschwartzbf@twitter.com,HssiWu9lLXVR
413,Mommy,Evemy,4287304768,mevemybg@themeforest.net,lRtXEQtM
414,Aggy,Deathridge,3599010515,adeathridgebh@joomla.org,BhS2b2damA
415,Barbi,Edleston,7816170001,bedlestonbi@furl.net,bACK1KQmHif3
416,Odetta,Dumblton,7753572775,odumbltonbj@nature.com,Bj5DwbD0Z
417,Ludovico,Ozintsev,2724236419,lozintsevbk@europa.eu,ODmqdpBg3ZvD
418,Burg,Rolf,5144000803,brolfbl@seattletimes.com,r4J3nYq
419,Roanne,Dehmel,4142542627,rdehmelbm@pen.io,7uXDPuIQbbkp
420,Randall,Woolnough,9083994495,rwoolnoughbn@usatoday.com,47teXfkOwzUB
421,Andrea,Physick,7547266281,aphysickbo@usda.gov,b3nwjfN5OZ6
422,Tansy,Batterson,1273308393,tbattersonbp@aol.com,EzvgMok
423,Peggie,Michie,5469738269,pmichiebq@apache.org,A3VQNEfE
424,Toby,Tradewell,8967993702,ttradewellbr@dyndns.org,diAjwDl
425,Zebulen,Litzmann,9114404866,zlitzmannbs@howstuffworks.com,QrAqAU4Hw
426,Tasia,Sermin,4341464419,tserminbt@wix.com,Hk6U18r
427,Isiahi,Tuffrey,3234218358,ituffreybu@stumbleupon.com,i3v9slg0
428,Sayer,Swanton,5758041165,sswantonbv@about.com,QFO6Q28xxt
429,Eda,Skeates,8072922526,eskeatesbw@joomla.org,XD2lZap
430,Hedda,Scamp,1005042171,hscampbx@arizona.edu,wokVQ4PdT3
431,Barbette,Arney,2026544038,barneyby@dion.ne.jp,c8cta3lpUTh
432,Norrie,Gomersal,6636727212,ngomersalbz@theglobeandmail.com,Yr1dRIjSXwiZ
433,Glen,Watts,2245288018,gwattsc0@latimes.com,UrbVgqNYGl
434,Prince,Bassill,2393849595,pbassillc1@nature.com,NJcTEle
435,Leoine,Pincked,8934408750,lpinckedc2@dedecms.com,86lBat
436,Elysee,Sergeant,6523226279,esergeantc3@uiuc.edu,3L8021
437,Kaia,Ridings,5457352506,kridingsc4@icio.us,TZiH4lwl
438,Nikita,Suttling,5985406477,nsuttlingc5@e-recht24.de,yd48vqp
439,Nancy,Cator,9041174387,ncatorc6@weibo.com,WEpT3VbF
440,Osbert,Davsley,7394335982,odavsleyc7@biblegateway.com,k9EUcA3
441,Arielle,Cowpertwait,2369292166,acowpertwaitc8@imdb.com,Te6d0QfOAC
442,Linzy,Vasiltsov,5651441570,lvasiltsovc9@java.com,5oF4cqSuDRS
443,Gustavo,Belleny,7753536083,gbellenyca@netvibes.com,Jhsjj6EHQ6
444,Christiane,Dishmon,9223805760,cdishmoncb@slate.com,rQOyUO0rXgDl
445,Rycca,Hillburn,7432009860,rhillburncc@hao123.com,NOSW8IPpmTu
446,Way,Honnicott,4385201798,whonnicottcd@youku.com,XNzOS8OM4db
447,Dawna,Pealing,5892600542,dpealingce@is.gd,ZYEERi
448,Gillan,Haseley,5558174198,ghaseleycf@springer.com,3f9odmd
449,Shaun,Curston,5129669360,scurstoncg@symantec.com,he6gGjjz3
450,Jarib,Baggot,4615043469,jbaggotch@geocities.jp,XjnS2gLqt
451,Iseabal,Button,4685502828,ibuttonci@tinypic.com,uZ6mPFWo
452,Lilah,Propper,2115852871,lproppercj@redcross.org,oesrqEm
453,Yehudi,Abbado,5718467993,yabbadock@histats.com,qoZqVxs
454,Sarena,Skough,9883497919,sskoughcl@whitehouse.gov,lQ3RGICNb
455,Rikki,Coleby,3233643890,rcolebycm@fotki.com,W5Tut7KPqHx
456,Rozalin,Demangeon,3162220928,rdemangeoncn@furl.net,9XjmHqMTCGH2
457,Gabby,Linne,2993918442,glinneco@reverbnation.com,IgDDl93vTTY
458,Anthony,Kepling,3749611063,akeplingcp@goodreads.com,OWpcTGi7H
459,Hazel,Gabbot,2492705784,hgabbotcq@mysql.com,tQQGitKCJ
460,Timmie,Mielnik,3726317818,tmielnikcr@acquirethisname.com,TQopOXFw5g
461,Lawry,Emanulsson,9945087592,lemanulssoncs@alexa.com,t4vcJb
462,Pippo,Peasby,7235132959,ppeasbyct@naver.com,twttuBRhIY
463,Glenden,Struthers,4589783006,gstrutherscu@indiegogo.com,9OSVBu4TC23
464,Brendon,Comsty,5069820532,bcomstycv@independent.co.uk,8lKokFb8wZn
465,Gawain,Cluse,8344031187,gclusecw@mozilla.org,vpG75r0Y
466,Becki,Draye,2836442106,bdrayecx@hao123.com,CHEutM4
467,Arlan,Cleator,7443955279,acleatorcy@mit.edu,1n4AfhV9T4X
468,Courtnay,Crummey,3729736804,ccrummeycz@bloglovin.com,8IP3cPDurfM
469,Odessa,Wallington,5939433594,owallingtond0@sbwire.com,q57I1Fc
470,Alphard,Wank,8653724538,awankd1@bloomberg.com,yNAJQ6IKJG2
471,Nerti,Antoniutti,2589516655,nantoniuttid2@blinklist.com,IqmLQAJpf
472,Hernando,Hradsky,6967884334,hhradskyd3@etsy.com,GJ53lJ94X
473,Chance,Camps,7796075297,ccampsd4@sourceforge.net,pn2Na31e
474,Barbe,Duferie,1997363033,bduferied5@ycombinator.com,yU9fI0URQFHX
475,Murielle,Kuschek,4486343926,mkuschekd6@fema.gov,3hBSIvit
476,Cello,Cattlow,5603155293,ccattlowd7@exblog.jp,SW50AUpr6B
477,Hugues,Portt,1883937778,hporttd8@myspace.com,i7WZFi9S
478,Anabel,Petford,8471016653,apetfordd9@cbc.ca,qfhmEX
479,Kleon,McMackin,3726435321,kmcmackinda@soup.io,syT6ZjTxIhmD
480,Shanie,Woodall,2826280532,swoodalldb@indiatimes.com,hnC7cq
481,Kylynn,Ansteys,1069505663,kansteysdc@apache.org,hiUXMWsxDUZ6
482,Cristy,Lohering,8331002883,cloheringdd@elegantthemes.com,UgfmmhB
483,Lion,Kierans,4204445207,lkieransde@exblog.jp,FNYlisaoA
484,Carlynn,Gohn,5664939405,cgohndf@ustream.tv,jYsLMPJI
485,Marj,Hugonin,8846900784,mhugonindg@discuz.net,SITk7GkQXlM
486,Shandra,Harkin,4603156424,sharkindh@gravatar.com,gGnQAUb
487,Noell,Churchward,2781161651,nchurchwarddi@boston.com,hYO2dlwkpiSh
488,Wallace,Menelaws,7394419040,wmenelawsdj@ucoz.com,x7uVMF
489,Jane,Smolan,6288405153,jsmolandk@si.edu,vRM5EUDF
490,Charlie,Andrzejak,8483122122,candrzejakdl@squidoo.com,likvKgDkG
491,Viv,Bruckshaw,7839621630,vbruckshawdm@google.ca,tVq9E2g
492,Cinda,Grisdale,5115470837,cgrisdaledn@samsung.com,2DM2PmSsQ
493,Louise,Halfhead,7358251736,lhalfheaddo@symantec.com,UQ5EdIi0
494,Nicoli,Cruickshanks,1338022434,ncruickshanksdp@is.gd,6CGvaY8R7ir
495,Annmaria,Carletto,8112227327,acarlettodq@wix.com,NKG4W9BZgh
496,Philbert,Tibbotts,9348052284,ptibbottsdr@youtube.com,CxC5VdMS9LAj
497,Antone,Hentzeler,5051082678,ahentzelerds@amazon.com,NlkziP
498,Hillery,Hume,7562352392,hhumedt@china.com.cn,i0SqMF
499,Patrizius,Ubank,3597010392,pubankdu@angelfire.com,rEjyAUMEBC
500,Silvio,Pentlow,1749722136,spentlowdv@homestead.com,nD6JjoQIhK8
501,Devora,Jeacop,6079505845,djeacopdw@ovh.net,Qu9OArBtZ
502,Lorry,Dahler,7946095453,ldahlerdx@typepad.com,7vlHDG
503,Mella,Dust,3067438289,mdustdy@slate.com,mZsTTdDyvXG6
504,Eustace,Cogley,5672809115,ecogleydz@ed.gov,k2rQEY0r3BA
505,Terence,Mille,5372892638,tmillee0@columbia.edu,uzI96V
506,Annabal,Vedeniktov,4795307027,avedeniktove1@ning.com,yxWPc1NjX
507,Ammamaria,Lisamore,1446126572,alisamoree2@joomla.org,HosfJq
508,Allsun,Whitwood,1408316156,awhitwoode3@nature.com,KHgmTSWmpu
509,Artemis,Beeres,2973061715,abeerese4@goo.ne.jp,lP8jsc4
510,Vic,Paulon,5209405405,vpaulone5@netscape.com,Bs2bFB
511,Christie,Houseman,3962657834,chousemane6@xinhuanet.com,qpaNOKduVq1
512,Katrinka,Allbones,3186895564,kallbonese7@fotki.com,vr4qwJ
513,Otto,Abramovitz,8737852533,oabramovitze8@unesco.org,Y5XXjOj5Cmsv
514,Patric,Chaize,6844119184,pchaizee9@psu.edu,iWbQEV4A
515,Hadleigh,Schroter,8351562053,hschroterea@pagesperso-orange.fr,tt42q6GT
516,Meaghan,Bartlomiej,7786143918,mbartlomiejeb@myspace.com,ljD7yEGZiZ
517,Wang,Sciusscietto,2126412592,wsciussciettoec@printfriendly.com,o6c42M7xy4U
518,Neddie,Ruddiman,9591942826,nruddimaned@delicious.com,iwvtre
519,Tandi,Gandley,6645747900,tgandleyee@eventbrite.com,7jegWx4b3
520,Eunice,Blowfield,3996515266,eblowfieldef@webs.com,tB89IHN3N
521,Currey,Mordacai,3125414424,cmordacaieg@seattletimes.com,lPHfMXdJA
522,Allene,Aberchirder,1719614170,aaberchirdereh@google.nl,RVZ52Td1u2b
523,Anselma,Mellonby,6389399533,amellonbyei@1688.com,l0U2lTzn
524,Kissiah,Yaakov,9214715615,kyaakovej@rediff.com,6FS8D1
525,Herc,Alliston,5712449745,hallistonek@ning.com,eMMy6x
526,Harv,Tuison,3095911303,htuisonel@chron.com,AetfCXlD
527,Harlie,Kristoffersson,8207439570,hkristofferssonem@jimdo.com,eUqJ5nlX9M
528,Julio,Lamming,8681700815,jlammingen@xinhuanet.com,s98nkO9cIdW
529,Findlay,Chismon,4037303048,fchismoneo@alexa.com,2Fh8P5DjmtG
530,Karlee,Bedome,6747049232,kbedomeep@etsy.com,diN1p207SoR
531,Hillel,Fassmann,1099999601,hfassmanneq@google.co.jp,OklDAML
532,Wyatt,Sotworth,8379776544,wsotworther@auda.org.au,vSQmtw
533,Mareah,Pickover,8483688414,mpickoveres@hud.gov,OFxc6k
534,Kacie,Clementson,2105986222,kclementsonet@vinaora.com,4DQkQTIj
535,Celina,Davidge,7026188028,cdavidgeeu@yellowpages.com,1vl9xRzet9
536,Orran,Van den Oord,7535380886,ovandenoordev@naver.com,fh3EmP1
537,Gwenny,Mewhirter,5954861764,gmewhirterew@mlb.com,JRL9m1hvA55
538,Ewell,Tyght,2029247309,etyghtex@blinklist.com,8UN9kWE
539,Claudius,O'Lochan,5692445005,colochaney@technorati.com,bz38vBIisdm
540,Stesha,Eliez,2069884037,seliezez@cnn.com,kIgzzc
541,Keely,Begin,9696319119,kbeginf0@google.pl,H2bp7tvHlrX
542,Danyelle,Dowd,3996515604,ddowdf1@auda.org.au,sHKpc0Ey
543,Nollie,Grumble,7495933087,ngrumblef2@ucoz.ru,eHxcDSf3Z
544,Tucker,Voisey,9246400462,tvoiseyf3@yellowbook.com,7fVEjoRtmmR
545,Netti,Filinkov,7308857483,nfilinkovf4@seesaa.net,LVctXJ6j70
546,Alex,Maggill'Andreis,8989899586,amaggillandreisf5@mtv.com,qioPP6oW1
547,Hortense,Baudet,7987545385,hbaudetf6@weibo.com,BvaDvX4464q2
548,Talya,Slamaker,4426377855,tslamakerf7@imdb.com,pjzV4209d
549,Afton,Bibey,1091853767,abibeyf8@friendfeed.com,KSkpR9KXj
550,Redd,Stobbart,5144515224,rstobbartf9@ovh.net,scklq8dCr1
551,Hilton,Elphinston,6166224263,helphinstonfa@about.com,VSdJzL4
552,Bruno,Ingrem,5478268315,bingremfb@51.la,zP9YBkjj
553,Shelby,Keigher,5587106411,skeigherfc@army.mil,QW6cdc9HDX
554,Isiahi,Petken,3724028232,ipetkenfd@vinaora.com,8RoEWA
555,Hermon,Lapthorn,9094261636,hlapthornfe@sfgate.com,K7ZJ4n8UBlB
556,Howie,Whitwell,8707566898,hwhitwellff@wikia.com,2T9HonBSl
557,Raynard,Pixton,1421007030,rpixtonfg@elpais.com,qvWfPV2
558,Montague,Gatherell,6723369429,mgatherellfh@amazon.de,gU06V37y
559,Carmen,Mateus,4245983355,cmateusfi@usatoday.com,zuzz9lqLEd25
560,Michaeline,Self,3282575121,mselffj@dailymotion.com,CouWRFiRAEV
561,Lawry,Tattersall,2682704357,ltattersallfk@tinyurl.com,78mXN7VUX
562,Gracie,Jewsbury,6246510270,gjewsburyfl@printfriendly.com,bvqDSkt
563,Harlie,Grzelczak,6157991858,hgrzelczakfm@imageshack.us,pwiGOtSRK
564,Maggie,Casetta,8092262570,mcasettafn@comcast.net,fixjnnx0w
565,Leandra,Parnaby,7998602214,lparnabyfo@house.gov,XDqWNdO3gRk
566,Eugenius,Pittock,3268714533,epittockfp@feedburner.com,5zuv9O
567,Damita,Coleman,6173309020,dcolemanfq@theglobeandmail.com,toedvZJy0o
568,Wileen,Manz,3394075569,wmanzfr@wikimedia.org,KGwkg1w
569,Shayne,Hartup,2929833958,shartupfs@bluehost.com,QnucSsQ
570,Reiko,Fagence,7822404160,rfagenceft@constantcontact.com,COuqpLu2
571,Maribeth,Bill,8319998314,mbillfu@paginegialle.it,8ZBpC6u1
572,Odelle,Gabrieli,2839819530,ogabrielifv@time.com,pUmmexdk
573,Janine,George,3106346623,jgeorgefw@themeforest.net,6wT0mVh
574,Steffen,Breawood,8495358325,sbreawoodfx@behance.net,BJF2q95Nfv
575,Kaitlin,Breukelman,4166169896,kbreukelmanfy@phpbb.com,fTzM06H7HS
576,Chryste,Sexti,6796624148,csextifz@discovery.com,ZR14wzDbwLC
577,Tarrah,Bygate,8948787304,tbygateg0@umich.edu,01r6skX
578,Archaimbaud,Hellmore,1836555577,ahellmoreg1@zdnet.com,O8cZK4B1d7j
579,Richmond,Allwood,6815550141,rallwoodg2@dedecms.com,EZFKOG7bVF
580,Linda,Fishly,3534978275,lfishlyg3@hexun.com,TgxxnMd6
581,Carlyle,Perkin,3149379351,cperking4@berkeley.edu,BHvNj4s
582,Washington,Durante,7783318192,wduranteg5@so-net.ne.jp,9L6sxO0
583,Frasquito,Deverock,5016396549,fdeverockg6@elegantthemes.com,6eAyWWd1
584,Fernando,Hallybone,8644329557,fhallyboneg7@cpanel.net,Xvf4xKn
585,Herold,Drawmer,3143440490,hdrawmerg8@patch.com,NHkwYIvXHfq
586,Dalt,Windas,5581573884,dwindasg9@ehow.com,fLTautJ
587,Nichole,Quirke,2418400352,nquirkega@dailymail.co.uk,yRBJq320Pd
588,Bobbie,Fairman,5969572846,bfairmangb@twitpic.com,s6yfeGfa65
589,Daile,Ruddy,7732840169,druddygc@samsung.com,028Huik
590,Shae,Bastable,1754078932,sbastablegd@mapy.cz,t67957eiIBCv
591,William,Le Brom,8396180101,wlebromge@bravesites.com,A4e2yBbjrDb
592,Madelle,Blas,7177816310,mblasgf@furl.net,dp1Fhv
593,Shawn,Fitchett,1574161664,sfitchettgg@blogtalkradio.com,qXLQ4HSMC
594,Bourke,Gebby,3552213131,bgebbygh@ehow.com,XXBgA5jGet
595,Arlyne,Eckart,2832889709,aeckartgi@hatena.ne.jp,Tx0rJeQT
596,Kiele,Skull,6349955160,kskullgj@godaddy.com,iSJ2zGUy
597,Nobie,Tippings,4848237240,ntippingsgk@storify.com,BnCcc4UnzyL
598,Ettie,McTiernan,9806243634,emctiernangl@archive.org,uqQ9XS1yiG2r
599,Sheridan,Scurr,2071344496,sscurrgm@ucsd.edu,FW1ZYO
600,Hildegarde,Hartnell,4895271378,hhartnellgn@taobao.com,6zA6tl4
601,Hildy,MacAnulty,5371818808,hmacanultygo@discovery.com,Xx7rdFyKZ4
602,Nicoli,Le Houx,8826291280,nlehouxgp@guardian.co.uk,cgeXus
603,Noemi,Hearnaman,4422009888,nhearnamangq@nasa.gov,4Or7cwWxi
604,Patricia,Peyro,2241368102,ppeyrogr@dropbox.com,3TLlJXRe3CkY
605,Lesley,Goodere,6191186260,lgooderegs@acquirethisname.com,mfuMZ552wI
606,Francklin,O'Carroll,6959726377,focarrollgt@wikia.com,Y3yajg08g
607,Lurline,Stenbridge,9192020997,lstenbridgegu@house.gov,3dYqDmlSlJ
608,Harwell,Harly,9581903614,hharlygv@microsoft.com,LacUB6eqleX
609,Trenna,Noni,4325151833,tnonigw@diigo.com,QxmsV6l
610,Marcia,Klich,4625924263,mklichgx@usnews.com,E3QaO5
611,Maximilianus,Mosen,1628234235,mmosengy@linkedin.com,Wa1DJvx
612,Vivien,Cakebread,3179520368,vcakebreadgz@blog.com,R4eBGuyybi0c
613,Anne-corinne,Pinxton,5101563076,apinxtonh0@vkontakte.ru,R76Gjqv
614,Teresina,Kohnen,4725957533,tkohnenh1@jiathis.com,2fp4AP8Nmjj
615,Thornie,Sharratt,7928434075,tsharratth2@topsy.com,hKHP64MoJu2R
616,Demott,Fillery,6524639155,dfilleryh3@nbcnews.com,d0uBY4YIu0UU
617,Cy,Cattellion,4031547882,ccattellionh4@t-online.de,LW1LH9xiO
618,Alicia,Croxley,3341450948,acroxleyh5@yale.edu,hLtDam
619,Beverly,Micco,1666783201,bmiccoh6@marketwatch.com,VFPQAlS0XwS
620,Gabriella,Arnefield,7723359320,garnefieldh7@simplemachines.org,4lh7440
621,Reine,Stickells,3491398387,rstickellsh8@google.es,pYkNNxl
622,Bennie,Burg,7025535113,bburgh9@flickr.com,AHdsV8UQb
623,Gussy,Kindred,4716870392,gkindredha@google.nl,cf5IZnafJQXJ
624,Farah,Bille,5824557164,fbillehb@biblegateway.com,rcRoAavvuLy
625,Anica,Seifenmacher,9634544523,aseifenmacherhc@sfgate.com,Mhx311AceY
626,Nil,Boddie,3252083332,nboddiehd@alexa.com,Ii2IiHycz
627,Eydie,Marke,9708066287,emarkehe@amazon.com,k8thY0MW3r
628,Nowell,Fruen,7145420893,nfruenhf@slate.com,Qr8bMLNx0u
629,Zebulon,Bousfield,6944917107,zbousfieldhg@samsung.com,WJs0Sp
630,Gannie,Proswell,4874391854,gproswellhh@mapquest.com,v02Ewip
631,Sioux,Grandham,3254790981,sgrandhamhi@dagondesign.com,GIn3Ap
632,Iain,Hordell,4605558434,ihordellhj@privacy.gov.au,roQw8t
633,Emmaline,Poppy,3837510476,epoppyhk@miibeian.gov.cn,Ws8K6JyWMQ
634,Irvine,Popping,9957706269,ipoppinghl@purevolume.com,JmshdTLH3g
635,Yehudit,Lemoir,3049990807,ylemoirhm@xrea.com,PxjsE45hB6
636,Stephanie,Lillow,5628068906,slillowhn@dailymotion.com,bUAMg3Iff1i
637,Hugibert,Marchelli,2214764399,hmarchelliho@edublogs.org,d7WJtHmOG5pK
638,Almeta,Bothbie,4579850598,abothbiehp@nba.com,tegjTl
639,Madeline,Santon,9472832023,msantonhq@elegantthemes.com,ECyndsftKew
640,Gilda,Chastan,6998601362,gchastanhr@jigsy.com,afjZzCzjbF
641,Meggie,Masding,7239138788,mmasdinghs@godaddy.com,g0kaLROPsy
642,Elsey,MacNeilage,5361198603,emacneilageht@wufoo.com,08duhQTF
643,Ogden,Shew,1959267211,oshewhu@wp.com,2fmgaDe
644,Rivi,Allicock,4463484321,rallicockhv@dot.gov,wMxfks2UmWx
645,Benito,Boobyer,1094065065,bboobyerhw@mayoclinic.com,ZEwYObTX
646,Joyce,Boam,6954949638,jboamhx@blinklist.com,vtRNsJTRfJ6
647,Asher,Flores,9287692577,afloreshy@wikia.com,VR4HphvXE5Uz
648,Bell,Pyecroft,4839352613,bpyecrofthz@hostgator.com,WTWiJk
649,Jorry,Arghent,7723322297,jarghenti0@ted.com,8L6vvmky
650,Anatola,Dyment,2989610072,adymenti1@1688.com,IIde5HsoA
651,Noemi,Grzeszczyk,2426580621,ngrzeszczyki2@princeton.edu,eTHGnw6XS0pk
652,Pierette,Huck,1599700214,phucki3@themeforest.net,ly0IRf
653,Serge,Baudichon,5001373711,sbaudichoni4@wiley.com,ayDcf6K
654,Tybalt,Harbison,3583595278,tharbisoni5@mtv.com,Y3AU8DZD
655,Jolene,Janc,9514977503,jjanci6@github.io,pB6dljfLuE
656,Godard,Haverson,2886334617,ghaversoni7@unicef.org,7cnPiUPYtc
657,Jobey,Chilles,6986567598,jchillesi8@techcrunch.com,4AbrW6CO7HnJ
658,Olvan,Kaman,1813935598,okamani9@cnet.com,T3OKg4o
659,Delcina,Menicomb,8079873168,dmenicombia@bravesites.com,1Ai34TSnpl2
660,Delilah,Jerke,3778448934,djerkeib@harvard.edu,kOibp8nTO
661,Osbourn,Parnall,1673580897,oparnallic@surveymonkey.com,7zYmUBMLYVw
662,Konrad,Dovey,3161743447,kdoveyid@nytimes.com,Si80vkEF
663,Marty,Rumens,5676443781,mrumensie@washington.edu,89oEL49
664,Kellina,Hambling,3047181885,khamblingif@diigo.com,SkVjUHrk9
665,Clayborn,Christiensen,6507571413,cchristiensenig@myspace.com,VPHUAFdA
666,Meryl,Leakner,5675137289,mleaknerih@tamu.edu,y7mCa2FwRP4
667,Waylan,Cantor,1293527499,wcantorii@w3.org,heWLebPQwzN
668,Franzen,Saltsberg,4063510865,fsaltsbergij@stanford.edu,KdX0M5Sr
669,Eleanore,Romeril,9371118216,eromerilik@jalbum.net,YVYyN24DlBo
670,Rock,MacGaughy,1336985096,rmacgaughyil@google.nl,lsQm0bP
671,Tilda,Janczewski,8698383309,tjanczewskiim@hostgator.com,9TImzeI
672,Jolynn,Kohen,1636776666,jkohenin@vkontakte.ru,IBVqc7guImpG
673,Zia,Ryson,4886244199,zrysonio@yellowbook.com,uXGE0Sy
674,Meredithe,Bailey,7115378807,mbaileyip@list-manage.com,qsuX2g
675,Bail,Wearn,2147750413,bwearniq@bizjournals.com,B2CG0r
676,Hayes,Palliser,7592257112,hpalliserir@cnet.com,e3rlX04r
677,Ermentrude,Benes,5452738932,ebenesis@smh.com.au,bTMhMx
678,Johnnie,Wardall,9298978977,jwardallit@jiathis.com,p6vy5gepS0K
679,Jada,Borne,3108763602,jborneiu@latimes.com,vJMbtnd
680,Adoree,Chrishop,4382038289,achrishopiv@goo.ne.jp,T4h356Brb
681,Donn,Poynor,7853961295,dpoynoriw@w3.org,MFdBXQ
682,Kaitlyn,Coast,8427304281,kcoastix@about.me,9rT4a5hx9Hbn
683,Sher,Segoe,1479187862,ssegoeiy@bigcartel.com,fGuIYDFbAx
684,Shadow,Cabel,5102851137,scabeliz@baidu.com,3TyyU6e
685,Sharline,Carass,3165118147,scarassj0@cloudflare.com,jyCM99SBX
686,Nickola,Gahagan,8511020825,ngahaganj1@sina.com.cn,nkRjhkZr0A9
687,Mellisent,Wreight,8127802390,mwreightj2@discuz.net,LDiPPpZW0UyH
688,Rozina,Trustrie,9957575233,rtrustriej3@yahoo.com,XoHtzkHdC
689,Sherm,Jiras,3159202733,sjirasj4@over-blog.com,9pg3m3kWiuF
690,Culver,Saleway,3528013162,csalewayj5@webs.com,Dtr89kftU
691,Kathy,Geaves,9384151530,kgeavesj6@artisteer.com,ScH7Wty
692,Tynan,Matchitt,9324282312,tmatchittj7@posterous.com,aTXyGg5
693,Lynelle,Kilroy,5151974669,lkilroyj8@tinyurl.com,QyMST8NP
694,Lucie,O' Quirk,1317130601,loquirkj9@techcrunch.com,cNp3dSaR
695,Charleen,Baitey,9262276213,cbaiteyja@buzzfeed.com,gbFtqP
696,Rhiamon,Coole,5564730098,rcoolejb@xinhuanet.com,VMcAm6d5Tl
697,Gerome,Kleen,9004275459,gkleenjc@rakuten.co.jp,qeYYwJ0x3
698,Muffin,Ortell,6287358506,mortelljd@zimbio.com,B2hXvMG
699,Bridget,Toretta,6233406227,btorettaje@unblog.fr,irf3PLNop
700,Samuele,Blay,4799079349,sblayjf@aol.com,snTsyTDlil
701,Pet,McNeill,4952660121,pmcneilljg@samsung.com,gaWfaLS
702,Pryce,Tayler,3313905280,ptaylerjh@cam.ac.uk,PdkZEv6
703,Sheba,Capon,2663017609,scaponji@pbs.org,c18PDr5V6MW
704,Joya,Durbann,1999101894,jdurbannjj@usda.gov,oC3gbW2
705,Sigismondo,Leith-Harvey,7887916831,sleithharveyjk@ted.com,eUQnPahlXQ9f
706,Karole,Albion,4229298150,kalbionjl@craigslist.org,XTEHtUobd
707,Agatha,Waldren,9136798252,awaldrenjm@seattletimes.com,AEdifOLCT6
708,Natty,Pardie,3774285465,npardiejn@nytimes.com,Xt5u0rUb3Est
709,Pauly,Calveley,4484514514,pcalveleyjo@auda.org.au,leoxTc7RYjb
710,Baryram,Pyper,2196982474,bpyperjp@digg.com,g0gSpY
711,Quincy,O'Glessane,8638493429,qoglessanejq@geocities.jp,nYa1Wshuw
712,Niall,Gatchell,3503777581,ngatchelljr@topsy.com,9lxTxSViq
713,Collete,Medeway,5604817930,cmedewayjs@sourceforge.net,DTU2QmtBfG
714,Engracia,Gianni,1471323583,egiannijt@mozilla.com,KFO4WMFIoK
715,Tris,Reedick,6358530331,treedickju@utexas.edu,VCSzI6agA
716,Nicky,Dohmer,4675724669,ndohmerjv@plala.or.jp,DN2gcG
717,Tim,Lade,8594486430,tladejw@nymag.com,3i2NCJ2
718,Theobald,Puddifer,5078415643,tpuddiferjx@mashable.com,kY5QN67
719,Euphemia,Durham,5058528307,edurhamjy@live.com,7Q0w9yT
720,Aloisia,Margetts,1842839275,amargettsjz@eventbrite.com,WNrB42e
721,Marion,Statter,4033701370,mstatterk0@statcounter.com,3hc6KKacN5
722,Gordie,Simonite,8479999804,gsimonitek1@statcounter.com,uayHCcxJ
723,Lynea,Rodenburgh,8597244603,lrodenburghk2@newyorker.com,JVHFL4CC
724,Arly,Bendel,8509189221,abendelk3@fastcompany.com,Tqy5FzH
725,Thorn,Chretien,3181282419,tchretienk4@uiuc.edu,QUMbKZ4Uw
726,Kennie,Mulmuray,6486198591,kmulmurayk5@google.ru,tPftjqcQFX
727,Erich,Ghidini,2161061739,eghidinik6@usatoday.com,zLK1Msd2
728,Zonda,Hugonet,1338985324,zhugonetk7@tuttocitta.it,nvnldI
729,Denney,Jagg,4288126091,djaggk8@hao123.com,erX87xo0T4
730,Terrel,Kiddey,2892461520,tkiddeyk9@rediff.com,TPVtZjjkIs
731,Martin,Busst,4219156443,mbusstka@slashdot.org,lfR9GYA7gUkS
732,Odey,Dukes,7571311350,odukeskb@skyrock.com,IoUaRj5vUsvy
733,Chiarra,Sangra,1251236067,csangrakc@fda.gov,4sUmZGYkL
734,Hyatt,Fullick,9167438176,hfullickkd@twitter.com,2vjLDb
735,Conway,Surmeir,1878290622,csurmeirke@parallels.com,HxjHxW
736,Winnie,Gulleford,3989758456,wgullefordkf@icq.com,Z0zkJnoE2
737,Ernestine,Yerrington,2285306025,eyerringtonkg@vkontakte.ru,CSKnCLP
738,May,Drought,2961681081,mdroughtkh@tripadvisor.com,nPFBjvPGnoXM
739,Jonathan,Coopey,3964904670,jcoopeyki@weebly.com,lUJaWP160
740,Oby,Robottom,7312645092,orobottomkj@forbes.com,Vc9XVn1
741,Kaile,Rudinger,8522796169,krudingerkk@hostgator.com,Xcxl42bN6kCV
742,Dalt,Jirka,2112033534,djirkakl@feedburner.com,o2DSHR
743,Cheri,Muzzillo,4587312074,cmuzzillokm@imdb.com,RJQqqiLG
744,Antoine,de Wilde,8691944574,adewildekn@mediafire.com,4Qfe2UCk
745,Angie,Sanpher,9109389496,asanpherko@irs.gov,WcoaHo7Yk2M
746,Tad,Rossbrooke,6276332059,trossbrookekp@hibu.com,4sRlPprfyS
747,Tull,Burdis,7067688873,tburdiskq@buzzfeed.com,Lo17ajT9
748,Abagael,Delahunty,5673207076,adelahuntykr@homestead.com,KQAWG2HRuT6
749,Parnell,Luard,4632905662,pluardks@myspace.com,J9OF0tLJG
750,Yelena,de'-Ancy Willis,3066219073,ydeancywilliskt@bing.com,z1Sg5Tgjrn7A
751,Abram,Fritschel,6623541710,afritschelku@goo.ne.jp,Pnxmwa66e6
752,Fax,Huntingdon,3802895656,fhuntingdonkv@va.gov,SxAaUnWwDdx0
753,Ailis,Howis,3034215710,ahowiskw@statcounter.com,7FCjqTs
754,Garrot,Granleese,3516988105,ggranleesekx@digg.com,RrTu1FB1
755,Codi,Rengger,7734145033,crenggerky@sphinn.com,wZdbPO8E
756,Kaye,Hayball,7437725958,khayballkz@liveinternet.ru,cxBTQAP
757,Gwen,Cadden,2427418733,gcaddenl0@google.cn,PWPeNVMJidG
758,Grenville,Jeandin,4005055201,gjeandinl1@nyu.edu,xCopjQAi
759,Micheline,Lattie,4557986812,mlattiel2@shinystat.com,RS3Fdbph
760,Nevsa,Ladson,1442251815,nladsonl3@hp.com,jCGGJDJDr
761,Batholomew,Greenhead,5256638626,bgreenheadl4@archive.org,ZXFguves
762,Odilia,Orr,6941423866,oorrl5@stanford.edu,wka5OTBQ
763,Fonz,Noto,7392979005,fnotol6@macromedia.com,s7UXUBBUZqL
764,Pamella,Garnar,6055027850,pgarnarl7@github.com,MWHpAtMQN
765,Shaylynn,Le Fleming,1577081928,sleflemingl8@squarespace.com,jX7OxyjZ
766,Editha,Semour,6727575578,esemourl9@ocn.ne.jp,L3fpRzqxbCm
767,Morten,Kibard,8258823265,mkibardla@bloomberg.com,4tCJK8uAQi
768,Ganny,Forde,4798529458,gfordelb@cam.ac.uk,sza5co8lOZRA
769,Tristan,Old,7801740461,toldlc@posterous.com,9IQuJg7Ea
770,Ardeen,Desseine,4329350341,adesseineld@surveymonkey.com,Lv3Xbeq
771,Martica,Hickenbottom,7063587066,mhickenbottomle@nytimes.com,U4rUDV3mW
772,Ellswerth,de Zamora,9072489072,edezamoralf@sakura.ne.jp,PBH7gk
773,Hyman,Cockayne,5934410861,hcockaynelg@pbs.org,2DrJE9nG
774,Brita,Mattam,7695562861,bmattamlh@ucla.edu,jUdGsFe
775,Nita,Petren,1038846741,npetrenli@timesonline.co.uk,7oIj7WuZHIbN
776,Vallie,Grisewood,7362191430,vgrisewoodlj@china.com.cn,r080BcWVDDGN
777,Antin,Harlett,7864917164,aharlettlk@nationalgeographic.com,okacOJfKiNoI
778,Ebony,Petrescu,4688478525,epetrescull@mapy.cz,5P2jGfN
779,Jacqui,Janousek,5884950527,jjanouseklm@sbwire.com,PvanFTdGF
780,Eduardo,Wagnerin,8095631197,ewagnerinln@tmall.com,Tquogh37C7g
781,Tully,Burgott,1976162805,tburgottlo@huffingtonpost.com,PE3ipES
782,Gerick,Shrive,3042089671,gshrivelp@state.gov,DkYcDyu
783,Barbi,Foulstone,1822357397,bfoulstonelq@sina.com.cn,ezDvUSasqF
784,Bobby,Carefull,8718963669,bcarefulllr@japanpost.jp,kyIcRDv69nJo
785,Alf,Brower,1784749324,abrowerls@nature.com,aPIDwF3dr3
786,Bil,Hornung,3259606250,bhornunglt@booking.com,01DV4PG7it
787,Trefor,Corss,2585367345,tcorsslu@bloglovin.com,oKxTXDBmFF
788,Hali,Kerans,8427221739,hkeranslv@g.co,OakDZjsqbDQT
789,Cleon,Ciccerale,9359543499,ccicceralelw@shutterfly.com,6bkP85W
790,Aleen,Hodgon,3229388796,ahodgonlx@umich.edu,2shfqoRBz0jo
791,Dudley,Antowski,1049930701,dantowskily@ihg.com,Wfler3jZI84T
792,Tailor,Flamank,3854451746,tflamanklz@japanpost.jp,mwkkUdpPoy
793,Shem,Vany,2499764853,svanym0@sun.com,oDgnMz
794,Ryon,Ackery,6392950307,rackerym1@about.com,2OszlRjBLD
795,Quintus,Smolan,1138309075,qsmolanm2@ebay.co.uk,RkN9heeMXe
796,Silvan,McClymont,2097658353,smcclymontm3@guardian.co.uk,sIBwojbcW
797,Tine,Barensen,2814710079,tbarensenm4@sfgate.com,lWqCwIZniy
798,Astrid,Guiet,5744560608,aguietm5@thetimes.co.uk,HthqABEoj0Qg
799,Adelheid,Alwen,3792563937,aalwenm6@ezinearticles.com,BFyIyxpzt4Wy
800,Nanci,Charrington,5409170583,ncharringtonm7@chron.com,ywIbyVyA3XO
801,Bert,Tremmil,7649254242,btremmilm8@wikispaces.com,TqkMCwytqx
802,Esdras,Grishenkov,2546996692,egrishenkovm9@booking.com,rV4Apbv3j48W
803,Hallie,Gallanders,4468387231,hgallandersma@elpais.com,eN2bC4
804,Erskine,Joost,3591854921,ejoostmb@imdb.com,MwpzVRqm6f
805,Broderick,Picton,7838099474,bpictonmc@amazonaws.com,WbijnHPvLZZ6
806,Sisile,Elcum,5811367366,selcummd@google.com.br,KfwTHT0
807,Valina,Cortese,7972004871,vcorteseme@prlog.org,FiMkRZqnfen
808,Boote,Findley,1491532085,bfindleymf@rambler.ru,Pmim4B
809,Hershel,Turley,8083604558,hturleymg@webs.com,aPuDvxO
810,Vasilis,Macallam,4311342215,vmacallammh@opensource.org,LCyLpWB5J0fo
811,Bee,Dunsmuir,7572889303,bdunsmuirmi@nhs.uk,MvZxnPlzI
812,Dennie,Orwin,6099931916,dorwinmj@hugedomains.com,zX6D2kmQTm
813,Jenica,Olennikov,4403882406,jolennikovmk@xing.com,D7GtYH
814,Moises,Barg,3026610529,mbargml@barnesandnoble.com,kIesfalQfAae
815,Pembroke,Mee,4779676882,pmeemm@dyndns.org,zybSuVXsay4
816,Pepita,Greschik,5038672028,pgreschikmn@eepurl.com,ybRTmvYnc6
817,Matteo,Jansik,9934250919,mjansikmo@arizona.edu,teRbOpQP
818,Errol,Draye,3104658051,edrayemp@ucoz.com,LoWdOBA
819,Frasco,Youthed,2768942067,fyouthedmq@nydailynews.com,2PPTet3DS1d
820,Murvyn,Pudner,8127117811,mpudnermr@wix.com,IxnGoWQfW5
821,Nedi,Recke,1534593212,nreckems@sciencedirect.com,Z4vijRXL
822,Essie,Klaaasen,5354326559,eklaaasenmt@bizjournals.com,UYsZj3C5U
823,Ferrel,Wauchope,8179670585,fwauchopemu@ucoz.ru,5QUSyfX22L0
824,Sully,Vine,6687377904,svinemv@uol.com.br,cVygEV1fvf
825,Dorolisa,Hatherill,7736121866,dhatherillmw@artisteer.com,yEjtdXWA9a
826,Adel,Sorensen,3445377600,asorensenmx@people.com.cn,elGuBOq351eS
827,Cesare,Lackham,5147117460,clackhammy@dyndns.org,1UqTJmc
828,Francyne,L'Episcopi,9966853879,flepiscopimz@ezinearticles.com,OpOiHDj2
829,Nels,Phlippsen,4358840305,nphlippsenn0@europa.eu,siAaGPf
830,Napoleon,Haysom,5863973220,nhaysomn1@ihg.com,tlhVpiSiEv
831,Dukey,Kells,5738429961,dkellsn2@tuttocitta.it,y0Z0GVCv
832,Catlin,Lydall,6338562197,clydalln3@ebay.com,zgqncKwyRP4z
833,Rossie,Dowson,3101533118,rdowsonn4@rambler.ru,Jw31DT4vMfx
834,Margarete,Fletcher,2415496336,mfletchern5@digg.com,EeXzXaotCebp
835,Devin,Sambidge,1773282324,dsambidgen6@reference.com,orVEI8MnS
836,Gabbi,Walby,5312658808,gwalbyn7@amazon.co.jp,XMX2Z7WCTN
837,Chase,Jarmaine,4517981420,cjarmainen8@spotify.com,AQ0qfPLQUE
838,Darn,Purveys,6842121276,dpurveysn9@sina.com.cn,9jrvPikW1
839,Ronalda,Holdworth,4667465071,rholdworthna@nymag.com,hUqGTgq9K
840,Robena,Seppey,3627227098,rseppeynb@chronoengine.com,3WQ5xXNbo3Z
841,Risa,Evers,7396880010,reversnc@ca.gov,I53dBY
842,Sherlocke,Renshall,1931985108,srenshallnd@tiny.cc,Hzu2uyOxaLGd
843,Quent,Barford,3753830766,qbarfordne@virginia.edu,iJG98z3USZe
844,Fleur,Boyington,9622193800,fboyingtonnf@opera.com,hn5cPp
845,Dierdre,Broschek,4351280532,dbroschekng@cdbaby.com,hlJypz1u
846,Zorine,Helks,3189937192,zhelksnh@youtu.be,RiAniyR
847,Teressa,Schwand,1919221592,tschwandni@wired.com,Cozl3AFFgF
848,Kippy,Tapply,2173264045,ktapplynj@reuters.com,iNe6NreY9
849,Deana,Anlay,8469036780,danlaynk@bigcartel.com,eKbc88s1NxIZ
850,Kaine,Gapper,7057421055,kgappernl@bloglines.com,Hnk2ojCgLdvR
851,Kort,Schonfeld,3538663306,kschonfeldnm@rakuten.co.jp,aiGsQ6St
852,Clayborne,Newsham,9434106517,cnewshamnn@google.cn,rSmHU8wpoGQ
853,Roseanne,Procter,3223187719,rprocterno@tinyurl.com,TwRSQHe9w
854,Orrin,Elderfield,1738674702,oelderfieldnp@example.com,MOuiK7SpFI
855,Kearney,Royall,4889192059,kroyallnq@twitpic.com,qmOZ3NWuFk
856,Ram,Swinnard,5577399239,rswinnardnr@printfriendly.com,F3WLtI7VSz
857,Lyndsie,Joslow,7873621613,ljoslowns@prweb.com,pdvvM1j4
858,Adelaida,Walhedd,3025841292,awalheddnt@123-reg.co.uk,nxbpCpMsb
859,Efren,Sulley,6843690670,esulleynu@parallels.com,h1wVV9FAf
860,Shani,Marchenko,6523156586,smarchenkonv@amazon.co.uk,h7VEW4yUdM
861,Grace,Lanahan,1569256460,glanahannw@istockphoto.com,KN2nmmdG
862,Connor,Roback,3287619722,crobacknx@timesonline.co.uk,1Nzy5q
863,Rochester,Puig,3122957988,rpuigny@wired.com,WnTo6GGwVpc
864,Meyer,Skeene,8183856897,mskeenenz@businesswire.com,sgcjzNZecESq
865,Angelita,McCraine,8973581544,amccraineo0@reddit.com,bVJgRTZL
866,Dominic,Huddleston,9328077562,dhuddlestono1@apple.com,CifIL8
867,Ermentrude,Burd,7342912065,eburdo2@flavors.me,qeI4wmHtxpeS
868,Aime,Poore,5226583434,apooreo3@miibeian.gov.cn,QN8a9fFhYpEV
869,Charmane,Jobling,2568402854,cjoblingo4@cnn.com,ZHEfpXzv
870,Carmina,Heinemann,2776510657,cheinemanno5@answers.com,zLg5CMMaCdE
871,Sal,Mulchrone,7496575422,smulchroneo6@xinhuanet.com,4G3ffwkI
872,Kort,Bonus,2105132562,kbonuso7@redcross.org,AXfjCv65
873,Aloysia,Seabrocke,6585344874,aseabrockeo8@angelfire.com,3iNlmhIS
874,Mab,Jeratt,1732943198,mjeratto9@ow.ly,PFwNpWjItf5
875,Talya,Gallehock,1333580164,tgallehockoa@bbc.co.uk,5QUyZk19Qg
876,Alford,Stops,6804616102,astopsob@accuweather.com,pNUJY5Scq0tL
877,Elisha,Kupisz,9603852778,ekupiszoc@flickr.com,CiPSVxi
878,Marabel,Taaffe,9783493887,mtaaffeod@psu.edu,St4RBkq9
879,Chase,Gillon,8083433991,cgillonoe@npr.org,8EGCHcnrCA
880,Corrine,Petegrew,7705242399,cpetegrewof@psu.edu,Yyo1JW
881,Shela,Laise,3052000987,slaiseog@sciencedirect.com,p87qIJlqrN9V
882,Megan,Goldfinch,2741500936,mgoldfinchoh@foxnews.com,vlsnzmlGoM
883,Blinnie,Gouldstone,9443630790,bgouldstoneoi@moonfruit.com,E8jkbT4iBQtG
884,Corrie,Northway,3149272363,cnorthwayoj@smh.com.au,yGRjEfOjDl
885,Nadeen,Birdwhistle,5644998319,nbirdwhistleok@biblegateway.com,oqD7h5nxc
886,Jolene,O'Keenan,4258999513,jokeenanol@tripod.com,23iv6Xzbsl9O
887,Tiertza,Culpen,7419048547,tculpenom@goodreads.com,XXOasWNdiE
888,Hannis,Sherland,7469139015,hsherlandon@sciencedirect.com,ZRdRSeAuYyyP
889,Cort,Bysaker,4192122987,cbysakeroo@cnbc.com,aw8jStFl4rxb
890,Barnett,Brereton,4038885277,bbreretonop@uiuc.edu,GRMLtJZBd8
891,Kamillah,Verdie,1398186746,kverdieoq@qq.com,8vsEXd
892,Waldemar,Tough,4921102106,wtoughor@networksolutions.com,rmIosG
893,Lyell,Bignold,6682152682,lbignoldos@alexa.com,hscR1b2
894,Bevvy,Wrangle,6874977633,bwrangleot@who.int,EgzEAN7g
895,Margo,Caldera,6036369073,mcalderaou@delicious.com,AqUcSY
896,Brandy,Cornell,2515200241,bcornellov@163.com,I00ykZCV
897,Roxie,Pemble,8489563428,rpembleow@prweb.com,LYabkRJI0
898,Karissa,Branford,1044949321,kbranfordox@delicious.com,5IcpyycYTee
899,Jamill,Goodridge,5446028022,jgoodridgeoy@nymag.com,APNeMk
900,Sheba,Saylor,9871067854,ssayloroz@baidu.com,RwBrAArjJ
901,Aubrette,Belchem,8835190471,abelchemp0@rakuten.co.jp,z5cJ3sk8
902,Malva,Endacott,9671000476,mendacottp1@netvibes.com,OuonXbI
903,Vicky,Macknish,7526923814,vmacknishp2@cyberchimps.com,PaX9H4
904,Janetta,McCue,3561442502,jmccuep3@rakuten.co.jp,t3ie9w2nAB
905,Verney,Alabastar,5042725664,valabastarp4@friendfeed.com,ZHk61sKuA
906,Sayer,Valde,9646072541,svaldep5@4shared.com,tVqHoVwL4oxt
907,Andres,Sussex,2756512117,asussexp6@kickstarter.com,GEyiJo
908,Alix,Watkiss,6165206358,awatkissp7@imageshack.us,pgRYd0eL7LyU
909,Ricki,Shalloe,3125975781,rshalloep8@gnu.org,Xb2YgaML
910,Land,Grzegorzewski,3128367459,lgrzegorzewskip9@google.co.uk,VuG2ZC
911,Terrell,Izon,9078989959,tizonpa@ox.ac.uk,UxFlsEt9qyF
912,Camila,Creane,5163080371,ccreanepb@4shared.com,aYFM6CLz
913,Doug,Cabrera,5959645936,dcabrerapc@about.com,Gu0kCJ
914,Urbano,Klambt,8555956703,uklambtpd@ucoz.com,cKuYj6q
915,Florie,Dunthorne,6872379398,fdunthornepe@lulu.com,KRBLr4wbPb
916,Lorrayne,Downton,5939941929,ldowntonpf@kickstarter.com,lgnbrADB0Eme
917,Cy,McGifford,7118997586,cmcgiffordpg@china.com.cn,rxzqqz
918,Giovanna,McElvogue,9081556022,gmcelvogueph@uiuc.edu,DZHdgoKC7F
919,Geno,Feeney,2807592320,gfeeneypi@dion.ne.jp,RNGVl6te
920,Justin,Venes,1737743605,jvenespj@csmonitor.com,yGwv7fFdRaL
921,Cloe,Dutch,7014175256,cdutchpk@bandcamp.com,r8ZFJBLLXe0Q
922,Freeman,Nulty,4299350596,fnultypl@google.com,SC1B8sUqBU3X
923,Giffard,Doumerc,8447984781,gdoumercpm@ebay.co.uk,Oi03bmh2VkL7
924,Josselyn,Benallack,2313191290,jbenallackpn@globo.com,DzIVlpj3
925,Emalia,Emanulsson,6196583146,eemanulssonpo@google.com.au,e34Jd97v5y
926,Delly,Antonias,6156561941,dantoniaspp@taobao.com,GeyaK9
927,Correy,Shemwell,8739156562,cshemwellpq@tuttocitta.it,vdaHF7
928,Burr,Rigate,1146530700,brigatepr@mysql.com,VQ8o1Kfp
929,Valentia,Giovannacci,4189955269,vgiovannaccips@ebay.com,FmAa0Jkwe
930,Bogart,McMenamy,6858634918,bmcmenamypt@prlog.org,q3DSZoGIwb4D
931,Kevina,Simmon,7712310091,ksimmonpu@bluehost.com,fq0W1lbYA
932,Antonie,Redding,6247959476,areddingpv@tumblr.com,JCTuFh
933,Pearla,Klesl,5645941691,pkleslpw@tmall.com,m9Y75JHUFjH
934,Libbey,Bythell,6137592406,lbythellpx@seattletimes.com,di2lOZ2
935,Towney,Choppen,1444378912,tchoppenpy@yahoo.com,3oMCyDp7i5s
936,Myer,Pywell,5239991429,mpywellpz@woothemes.com,HeMJlESmN
937,Germain,Brimm,1225195671,gbrimmq0@php.net,ic964P
938,Bentley,Pedlar,1377122860,bpedlarq1@state.gov,yeNdvYBE
939,Michael,Clyburn,2635279204,mclyburnq2@issuu.com,0LRMZmsOM
940,Jen,Parkyn,7142636895,jparkynq3@google.it,Dfb6X17
941,Maddie,Menichelli,8608694164,mmenichelliq4@theglobeandmail.com,AmDti1b
942,Veronique,Sandle,8046705518,vsandleq5@sitemeter.com,xupPnd5b1zx
943,Nat,Whether,9874788806,nwhetherq6@yelp.com,HzcEQ0
944,Kirbee,Curreen,8376195493,kcurreenq7@nih.gov,qnwCFt66
945,Bat,Whitfeld,2536502688,bwhitfeldq8@microsoft.com,u8EVwfeGsQVX
946,Fields,Weeke,2595072878,fweekeq9@jiathis.com,Zvbels
947,Burg,McKinlay,2767583572,bmckinlayqa@exblog.jp,6hy2gbG
948,Peyton,Gayter,2273749131,pgayterqb@patch.com,Q2Y7UesSU
949,Falkner,Kinsman,1906454013,fkinsmanqc@wordpress.org,TXGSBEAqPM
950,Dacie,Sainte Paul,8351374328,dsaintepaulqd@kickstarter.com,l0McNJ89e
951,Robina,Mioni,4662448674,rmioniqe@imdb.com,lehphSNqg
952,Thorstein,Robinson,5045944595,trobinsonqf@prnewswire.com,9fCkyg
953,Carroll,Cartan,8651075295,ccartanqg@yahoo.com,RHVVkQ
954,Vin,Sills,4054947814,vsillsqh@ebay.com,j80dbrPA
955,Rhonda,Morbey,5901775251,rmorbeyqi@goo.ne.jp,gc6KCVHiwE
956,Sherrie,Soulsby,8371925936,ssoulsbyqj@addthis.com,iofd6p
957,Datha,Berzon,8433309322,dberzonqk@drupal.org,U1QBshau
958,Weider,Bakhrushkin,5344955812,wbakhrushkinql@utexas.edu,2Z0xW029WaJT
959,Kristoforo,Dowell,8399963401,kdowellqm@statcounter.com,nJS0kU4Sb2q
960,Gwyneth,Kinghorn,2419466104,gkinghornqn@dion.ne.jp,XIseLKyvn
961,Kissee,Catterill,3761810634,kcatterillqo@google.com,9O3kWQ
962,Werner,Cancutt,2815435384,wcancuttqp@senate.gov,2n1KN9cHcBYL
963,Hoebart,Adolfson,1934794672,hadolfsonqq@biblegateway.com,B4qcSYxGkjE
964,Cristina,Reinger,5129985200,creingerqr@nytimes.com,Q3gUYayV
965,Jacky,Leap,1008831054,jleapqs@aboutads.info,tH465An
966,Wildon,Hitchens,6765771462,whitchensqt@e-recht24.de,N3aDe19p08
967,Noreen,Speller,8198425276,nspellerqu@reverbnation.com,vq9oYnHig
968,Gretchen,Larmett,2121411070,glarmettqv@pcworld.com,HsoZUbXpMjU
969,Pail,Ioannidis,6871055326,pioannidisqw@dailymotion.com,JNdKbMCjm
970,Mirella,Bradfield,8954442552,mbradfieldqx@wix.com,nv10rGp
971,Bibi,Lamy,6689352625,blamyqy@zdnet.com,c36TNbTBPu3
972,Giselbert,Kield,1451435807,gkieldqz@homestead.com,FgeP7qwfSCC
973,Kip,Vasyutochkin,1412297062,kvasyutochkinr0@goo.gl,oyBPu2amGmg
974,Dare,Birtwhistle,1732255382,dbirtwhistler1@state.gov,0LGYEfeLaRj
975,Peri,Beazey,3965513710,pbeazeyr2@constantcontact.com,PFJ0a3O
976,Arliene,Yuryshev,8497122207,ayuryshevr3@amazonaws.com,XYciu3D4F
977,Leanora,Beaby,7004368502,lbeabyr4@youtu.be,iOzmhUE
978,Stafford,Taggart,7501984007,staggartr5@walmart.com,fGvXpj0a
979,Shandeigh,Dunsleve,4171804946,sdunslever6@sourceforge.net,jYC9zJph0
980,Mile,Lamperd,7191520249,mlamperdr7@abc.net.au,KD5y79
981,Timmy,Gooder,6526452135,tgooderr8@freewebs.com,5LhnwHHkx7X
982,Dorian,Renner,8577498323,drennerr9@cisco.com,4P8sAv6T
983,Cynde,Rogerot,1225845568,crogerotra@woothemes.com,PVJ1rygeTmHm
984,Mirabel,Daingerfield,2707552942,mdaingerfieldrb@weibo.com,R0wqxEQb
985,Page,Credland,8811187705,pcredlandrc@timesonline.co.uk,fwwgxhja
986,Sheelagh,Jahns,5156639548,sjahnsrd@ox.ac.uk,r7ArbKmQ0
987,Yelena,O'Ferris,5069932939,yoferrisre@shutterfly.com,EGUUn6S
988,Zack,Balling,3278854106,zballingrf@upenn.edu,mUl76VBDjQ
989,Salomone,Houlden,3007629520,shouldenrg@tinyurl.com,gH4Koaj
990,Melisandra,Halliwell,4597490676,mhalliwellrh@wikimedia.org,mvB0aQ0Yybev
991,Cesaro,Aizikov,1556480827,caizikovri@angelfire.com,S3zrYZYIjWRv
992,Adelaida,Sone,6109559787,asonerj@wufoo.com,BY3w5Jocn4c
993,Floyd,Etherton,8177501515,fethertonrk@spiegel.de,BozLFqSBbXN
994,Gannie,Harlin,1109784704,gharlinrl@trellian.com,0wigsp6zSf7
995,Udell,Hearthfield,5242976134,uhearthfieldrm@samsung.com,b862P9e
996,Salmon,Townes,4494794829,stownesrn@mit.edu,4Ayh3S
997,Alonso,Wardesworth,7208451652,awardesworthro@unc.edu,xqI3VwP1gj
998,Petey,Massinger,7195908074,pmassingerrp@yale.edu,Ub1u7rIEowfT
999,Esra,Siuda,1669810955,esiudarq@jiathis.com,58U8XR0W
1000,Reba,Klimp,2517253676,rklimprr@oaic.gov.au,zQq6mjY
